date,social_source,impressions,shares,comments,clicks,reach,profile_visits,likes
08/11/2022,insta_page,514,0,0,2,233,10,0
09/11/2022,insta_page,449,0,0,2,312,18,0
10/11/2022,insta_page,38094,0,0,54,35662,936,0
11/11/2022,insta_page,2284,0,0,26,1512,554,0
12/11/2022,insta_page,841,0,0,10,511,137,0
13/11/2022,insta_page,1034,0,0,6,703,114,0
14/11/2022,insta_page,1273,0,0,4,1021,90,0
15/11/2022,insta_page,4095,0,0,2,3482,109,0
16/11/2022,insta_page,5001,0,0,6,3423,290,0
17/11/2022,insta_page,1258,0,0,1,762,94,0
18/11/2022,insta_page,445,0,0,1,333,38,0
19/11/2022,insta_page,205,0,0,1,168,27,0
20/11/2022,insta_page,155,0,0,0,117,20,0
21/11/2022,insta_page,2105,0,0,1,1837,76,0
22/11/2022,insta_page,1336,0,0,6,1131,28,0
23/11/2022,insta_page,1176,0,0,1,695,41,0
24/11/2022,insta_page,881,0,0,1,457,20,0
25/11/2022,insta_page,212,0,0,3,154,17,0
26/11/2022,insta_page,155,0,0,0,125,4,0
27/11/2022,insta_page,95,0,0,1,81,17,0
28/11/2022,insta_page,1467,0,0,10,736,48,0
29/11/2022,insta_page,1352,0,0,4,875,62,0
30/11/2022,insta_page,415,0,0,2,329,21,0
01/12/2022,insta_page,764,0,0,2,466,37,0
02/12/2022,insta_page,334,0,0,0,184,9,0
03/12/2022,insta_page,262,0,0,0,114,12,0
04/12/2022,insta_page,282,0,0,0,78,15,0
05/12/2022,insta_page,1127,0,0,0,982,37,0
06/12/2022,insta_page,1066,0,0,0,736,26,0
07/12/2022,insta_page,1404,0,0,0,657,38,0
08/12/2022,insta_page,1150,0,0,1,480,27,0
09/12/2022,insta_page,334,0,0,0,280,9,0
10/12/2022,insta_page,240,0,0,6,189,11,0
11/12/2022,insta_page,131,0,0,1,114,9,0
12/12/2022,insta_page,3283,0,0,5,3036,57,0
13/12/2022,insta_page,922,0,0,2,746,31,0
14/12/2022,insta_page,1261,0,0,2,516,30,0
15/12/2022,insta_page,379,0,0,1,208,19,0
16/12/2022,insta_page,440,0,0,5,267,31,0
17/12/2022,insta_page,190,0,0,1,124,14,0
18/12/2022,insta_page,208,0,0,0,75,8,0
19/12/2022,insta_page,1279,0,0,0,828,40,0
20/12/2022,insta_page,718,0,0,3,495,25,0
21/12/2022,insta_page,257,0,0,5,225,14,0
22/12/2022,insta_page,503,0,0,0,287,26,0
23/12/2022,insta_page,237,0,0,1,117,13,0
24/12/2022,insta_page,84,0,0,0,61,12,0
25/12/2022,insta_page,80,0,0,4,51,13,0
26/12/2022,insta_page,50,0,0,1,27,14,0
27/12/2022,insta_page,668,0,0,2,569,28,0
28/12/2022,insta_page,381,0,0,1,288,21,0
29/12/2022,insta_page,2724,0,0,6,1686,43,0
30/12/2022,insta_page,1601,0,0,3,1351,30,0
31/12/2022,insta_page,466,0,0,0,431,6,0
01/01/2023,insta_page,212,0,0,0,194,9,0
02/01/2023,insta_page,1210,0,0,3,932,25,0
03/01/2023,insta_page,560,0,0,1,463,19,0
04/01/2023,insta_page,3030,0,0,2,1948,39,0
05/01/2023,insta_page,2181,0,0,4,1550,26,0
06/01/2023,insta_page,1385,0,0,6,1041,16,0
07/01/2023,insta_page,560,0,0,3,406,13,0
08/01/2023,insta_page,583,0,0,5,191,22,0
09/01/2023,insta_page,1043,0,0,3,813,31,0
10/01/2023,insta_page,1623,0,0,3,1136,20,0
11/01/2023,insta_page,1746,0,0,3,979,29,0
12/01/2023,insta_page,867,0,0,3,457,30,0
13/01/2023,insta_page,504,0,0,2,385,16,0
14/01/2023,insta_page,131,0,0,1,43,12,0
15/01/2023,insta_page,174,0,0,2,15,15,0
16/01/2023,insta_page,130,0,0,0,18,11,0
17/01/2023,insta_page,435,0,0,0,372,25,0
18/01/2023,insta_page,491,0,0,2,392,19,0
19/01/2023,insta_page,313,0,0,1,142,17,0
20/01/2023,insta_page,834,0,0,0,323,24,0
21/01/2023,insta_page,203,0,0,1,128,10,0
22/01/2023,insta_page,178,0,0,1,66,5,0
23/01/2023,insta_page,692,0,0,2,607,19,0
24/01/2023,insta_page,407,0,0,1,331,12,0
25/01/2023,insta_page,523,0,0,3,465,14,0
26/01/2023,insta_page,1776,0,0,1,667,20,0
27/01/2023,insta_page,736,0,0,1,563,11,0
28/01/2023,insta_page,495,0,0,0,408,10,0
29/01/2023,insta_page,267,0,0,1,189,6,0
30/01/2023,insta_page,173,0,0,0,145,5,0
31/01/2023,insta_page,565,0,0,0,453,20,0
01/02/2023,insta_page,1225,0,0,4,616,30,0
02/02/2023,insta_page,932,0,0,2,544,23,0
03/02/2023,insta_page,404,0,0,0,331,10,0
04/02/2023,insta_page,296,0,0,3,220,10,0
05/02/2023,insta_page,211,0,0,0,180,8,0
06/02/2023,insta_page,528,0,0,0,446,23,0
07/02/2023,insta_page,512,0,0,0,445,11,0
08/02/2023,insta_page,1189,0,0,3,889,26,0
09/02/2023,insta_page,1354,0,0,2,700,18,0
10/02/2023,insta_page,581,0,0,1,393,6,0
11/02/2023,insta_page,137,0,0,1,113,4,0
12/02/2023,insta_page,273,0,0,0,44,8,0
13/02/2023,insta_page,653,0,0,6,605,17,0
14/02/2023,insta_page,726,0,0,1,530,19,0
15/02/2023,insta_page,876,0,0,2,291,15,0
16/02/2023,insta_page,849,0,0,9,591,18,0
17/02/2023,insta_page,707,0,0,0,534,9,0
18/02/2023,insta_page,1177,0,0,3,1043,19,0
19/02/2023,insta_page,87,0,0,1,83,7,0
20/02/2023,insta_page,791,0,0,0,156,13,0
21/02/2023,insta_page,937,0,0,2,595,19,0
22/02/2023,insta_page,694,0,0,1,573,25,0
23/02/2023,insta_page,1545,0,0,4,1337,31,0
24/02/2023,insta_page,746,0,0,1,617,13,0
25/02/2023,insta_page,150,0,0,0,128,7,0
26/02/2023,insta_page,88,0,0,0,35,13,0
27/02/2023,insta_page,304,0,0,0,276,9,0
28/02/2023,insta_page,379,0,0,3,276,11,0
01/03/2023,insta_page,917,0,0,1,260,9,0
02/03/2023,insta_page,570,0,0,0,295,8,0
03/03/2023,insta_page,291,0,0,0,100,10,0
04/03/2023,insta_page,206,0,0,1,133,8,0
05/03/2023,insta_page,35,0,0,0,27,10,0
06/03/2023,insta_page,1279,0,0,7,1202,35,0
07/03/2023,insta_page,1407,0,0,11,1322,24,0
08/03/2023,insta_page,1231,0,0,4,826,11,0
09/03/2023,insta_page,1360,0,0,7,820,19,0
10/03/2023,insta_page,714,0,0,3,422,15,0
11/03/2023,insta_page,272,0,0,2,238,10,0
12/03/2023,insta_page,265,0,0,2,52,11,0
13/03/2023,insta_page,1329,0,0,1,1182,52,0
14/03/2023,insta_page,910,0,0,1,772,19,0
15/03/2023,insta_page,893,0,0,1,486,15,0
16/03/2023,insta_page,1449,0,0,38,314,138,0
17/03/2023,insta_page,1830,0,0,68,763,187,0
18/03/2023,insta_page,964,0,0,37,469,95,0
19/03/2023,insta_page,1826,0,0,94,436,175,0
20/03/2023,insta_page,222,0,0,5,145,27,0
21/03/2023,insta_page,289,0,0,2,261,11,0
22/03/2023,insta_page,1660,0,0,10,974,31,0
23/03/2023,insta_page,1742,0,0,6,1533,20,0
24/03/2023,insta_page,385,0,0,2,279,17,0
25/03/2023,insta_page,227,0,0,2,145,10,0
26/03/2023,insta_page,26,0,0,0,17,12,0
27/03/2023,insta_page,37,0,0,1,4,11,0
28/03/2023,insta_page,372,0,0,1,281,14,0
29/03/2023,insta_page,999,0,0,0,258,20,0
30/03/2023,insta_page,5720,0,0,42,4365,120,0
31/03/2023,insta_page,1880,0,0,11,1723,29,0
01/04/2023,insta_page,1300,0,0,17,993,62,0
02/04/2023,insta_page,726,0,0,6,372,49,0
03/04/2023,insta_page,90,0,0,0,58,19,0
04/04/2023,insta_page,4219,0,0,10,3340,67,0
05/04/2023,insta_page,1364,0,0,2,1093,18,0
06/04/2023,insta_page,496,0,0,2,464,10,0
07/04/2023,insta_page,253,0,0,2,153,12,0
08/04/2023,insta_page,92,0,0,0,41,8,0
09/04/2023,insta_page,105,0,0,0,21,10,0
10/04/2023,insta_page,1181,0,0,7,1090,28,0
11/04/2023,insta_page,850,0,0,1,601,12,0
12/04/2023,insta_page,388,0,0,0,212,10,0
13/04/2023,insta_page,199,0,0,1,105,8,0
14/04/2023,insta_page,35,0,0,1,26,5,0
15/04/2023,insta_page,9,0,0,0,9,1,0
16/04/2023,insta_page,27,0,0,1,15,13,0
17/04/2023,insta_page,471,0,0,1,423,38,0
18/04/2023,insta_page,1215,0,0,3,450,29,0
19/04/2023,insta_page,241,0,0,0,114,9,0
20/04/2023,insta_page,547,0,0,1,280,22,0
21/04/2023,insta_page,160,0,0,0,128,11,0
22/04/2023,insta_page,112,0,0,0,80,8,0
23/04/2023,insta_page,87,0,0,2,70,9,0
24/04/2023,insta_page,17,0,0,0,11,5,0
25/04/2023,insta_page,638,0,0,4,569,27,0
26/04/2023,insta_page,412,0,0,3,330,14,0
27/04/2023,insta_page,272,0,0,0,136,6,0
28/04/2023,insta_page,797,0,0,1,324,14,0
29/04/2023,insta_page,333,0,0,1,257,8,0
30/04/2023,insta_page,96,0,0,0,87,9,0
01/05/2023,insta_page,34,0,0,1,23,5,0
02/05/2023,insta_page,2251,0,0,2,1982,54,0
03/05/2023,insta_page,1137,0,0,2,934,25,0
04/05/2023,insta_page,1445,0,0,1,969,12,0
05/05/2023,insta_page,457,0,0,1,352,8,0
06/05/2023,insta_page,115,0,0,0,84,5,0
07/05/2023,insta_page,93,0,0,1,64,3,0
08/05/2023,insta_page,1176,0,0,1,767,13,0
09/05/2023,insta_page,988,0,0,1,600,15,0
10/05/2023,insta_page,202,0,0,0,178,4,0
11/05/2023,insta_page,249,0,0,0,119,11,0
12/05/2023,insta_page,154,0,0,0,153,4,0
13/05/2023,insta_page,36,0,0,2,36,5,0
14/05/2023,insta_page,20,0,0,0,18,1,0
15/05/2023,insta_page,820,0,0,4,714,18,0
16/05/2023,insta_page,881,0,0,1,792,19,0
17/05/2023,insta_page,1259,0,0,1,746,14,0
18/05/2023,insta_page,362,0,0,0,298,9,0
19/05/2023,insta_page,120,0,0,0,96,8,0
20/05/2023,insta_page,60,0,0,3,46,12,0
21/05/2023,insta_page,30,0,0,0,26,6,0
22/05/2023,insta_page,84,0,0,0,19,10,0
23/05/2023,insta_page,3899,0,0,15,3455,50,0
24/05/2023,insta_page,1996,0,0,4,1386,27,0
25/05/2023,insta_page,1305,0,0,2,1051,6,0
26/05/2023,insta_page,168,0,0,2,148,2,0
27/05/2023,insta_page,135,0,0,0,129,4,0
28/05/2023,insta_page,77,0,0,0,58,4,0
29/05/2023,insta_page,550,0,0,2,488,19,0
30/05/2023,insta_page,254,0,0,2,174,10,0
31/05/2023,insta_page,750,0,0,1,329,11,0
01/06/2023,insta_page,453,0,0,1,225,13,0
02/06/2023,insta_page,66,0,0,0,63,7,0
03/06/2023,insta_page,46,0,0,1,41,3,0
04/06/2023,insta_page,108,0,0,0,105,6,0
05/06/2023,insta_page,2207,0,0,14,1872,53,0
06/06/2023,insta_page,1496,0,0,3,1400,19,0
07/06/2023,insta_page,1733,0,0,2,1161,15,0
08/06/2023,insta_page,759,0,0,2,428,14,0
09/06/2023,insta_page,239,0,0,0,213,6,0
10/06/2023,insta_page,137,0,0,0,131,4,0
11/06/2023,insta_page,43,0,0,0,30,10,0
12/06/2023,insta_page,47,0,0,0,20,10,0
13/06/2023,insta_page,744,0,0,2,533,29,0
14/06/2023,insta_page,732,0,0,3,242,12,0
15/06/2023,insta_page,484,0,0,0,158,10,0
16/06/2023,insta_page,32,0,0,0,29,4,0
17/06/2023,insta_page,26,0,0,0,21,5,0
18/06/2023,insta_page,250,0,0,0,232,10,0
19/06/2023,insta_page,133,0,0,1,93,8,0
20/06/2023,insta_page,58,0,0,0,41,5,0
21/06/2023,insta_page,1025,0,0,1,547,23,0
22/06/2023,insta_page,491,0,0,0,280,11,0
23/06/2023,insta_page,377,0,0,6,263,18,0
24/06/2023,insta_page,191,0,0,5,121,10,0
25/06/2023,insta_page,151,0,0,3,96,12,0
26/06/2023,insta_page,598,0,0,13,483,26,0
27/06/2023,insta_page,263,0,0,3,187,11,0
28/06/2023,insta_page,103,0,0,1,91,12,0
29/06/2023,insta_page,763,0,0,1,293,11,0
30/06/2023,insta_page,349,0,0,1,161,6,0
01/07/2023,insta_page,110,0,0,1,83,7,0
02/07/2023,insta_page,57,0,0,1,53,8,0
03/07/2023,insta_page,24,0,0,0,18,4,0
04/07/2023,insta_page,552,0,0,6,418,33,0
05/07/2023,insta_page,448,0,0,4,346,14,0
06/07/2023,insta_page,251,0,0,0,208,14,0
07/07/2023,insta_page,539,0,0,0,223,11,0
08/07/2023,insta_page,162,0,0,2,83,3,0
09/07/2023,insta_page,23,0,0,0,23,2,0
10/07/2023,insta_page,298,0,0,1,249,19,0
11/07/2023,insta_page,529,0,0,1,226,7,0
12/07/2023,insta_page,739,0,0,8,300,41,0
13/07/2023,insta_page,418,0,0,3,150,24,0
14/07/2023,insta_page,360,0,0,1,272,8,0
15/07/2023,insta_page,108,0,0,0,101,4,0
16/07/2023,insta_page,63,0,0,0,12,10,0
17/07/2023,insta_page,688,0,0,3,539,16,0
18/07/2023,insta_page,171,0,0,0,165,4,0
19/07/2023,insta_page,612,0,0,0,276,14,0
20/07/2023,insta_page,63,0,0,0,58,3,0
21/07/2023,insta_page,2435,0,0,8,1900,31,0
22/07/2023,insta_page,1518,0,0,6,1159,23,0
23/07/2023,insta_page,941,0,0,3,825,17,0
24/07/2023,insta_page,692,0,0,2,518,19,0
25/07/2023,insta_page,269,0,0,2,238,13,0
26/07/2023,insta_page,585,0,0,5,126,35,0
27/07/2023,insta_page,1567,0,0,7,615,52,0
28/07/2023,insta_page,527,0,0,4,166,32,0
29/07/2023,insta_page,336,0,0,2,120,39,0
30/07/2023,insta_page,225,0,0,7,54,26,0
31/07/2023,insta_page,1754,0,0,3,1476,20,0
01/08/2023,insta_page,5720,0,0,6,5502,41,0
02/08/2023,insta_page,4780,0,0,5,4135,53,0
03/08/2023,insta_page,4967,0,0,7,3601,92,0
04/08/2023,insta_page,754,0,0,0,693,9,0
05/08/2023,insta_page,1048,0,0,0,910,16,0
06/08/2023,insta_page,1512,0,0,4,1362,11,0
07/08/2023,insta_page,2466,0,0,0,1951,31,0
08/08/2023,insta_page,5488,0,0,0,4674,91,0
09/08/2023,insta_page,7729,0,0,6,5754,148,0
10/08/2023,insta_page,9790,0,0,5,7320,222,0
11/08/2023,insta_page,9488,0,0,7,8029,203,0
12/08/2023,insta_page,11365,0,0,5,9165,267,0
13/08/2023,insta_page,16250,0,0,10,12957,362,0
14/08/2023,insta_page,15380,0,0,14,11403,355,0
15/08/2023,insta_page,18201,0,0,9,13771,361,0
16/08/2023,insta_page,19279,0,0,16,14374,433,0
17/08/2023,insta_page,17881,0,0,5,12377,386,0
18/08/2023,insta_page,14149,0,0,8,10564,375,0
19/08/2023,insta_page,11130,0,0,6,7802,313,0
20/08/2023,insta_page,13796,0,0,14,9363,413,0
21/08/2023,insta_page,14476,0,0,12,9463,425,0
22/08/2023,insta_page,8112,0,0,5,5995,217,0
23/08/2023,insta_page,7482,0,0,7,5226,242,0
24/08/2023,insta_page,10668,0,0,16,7321,286,0
25/08/2023,insta_page,12588,0,0,16,9227,311,0
26/08/2023,insta_page,16853,0,0,6,11452,456,0
27/08/2023,insta_page,17478,0,0,22,13740,443,0
28/08/2023,insta_page,13619,0,0,22,10651,348,0
29/08/2023,insta_page,8832,0,0,8,6322,222,0
30/08/2023,insta_page,9990,0,0,6,6968,257,0
31/08/2023,insta_page,10673,0,0,9,7043,330,0
01/09/2023,insta_page,5955,0,0,2,4165,225,0
02/09/2023,insta_page,5166,0,0,9,3444,208,0
03/09/2023,insta_page,5236,0,0,9,3050,171,0
04/09/2023,insta_page,6411,0,0,21,3789,230,0
05/09/2023,insta_page,5864,0,0,6,3543,164,0
06/09/2023,insta_page,4683,0,0,3,3279,159,0
07/09/2023,insta_page,3502,0,0,6,1941,123,0
08/09/2023,insta_page,3961,0,0,1,2950,147,0
09/09/2023,insta_page,5102,0,0,6,3187,166,0
10/09/2023,insta_page,5214,0,0,10,3450,174,0
11/09/2023,insta_page,9788,0,0,10,6698,281,0
12/09/2023,insta_page,8309,0,0,13,5692,228,0
13/09/2023,insta_page,7476,0,0,13,5420,215,0
14/09/2023,insta_page,4700,0,0,3,3099,140,0
15/09/2023,insta_page,5912,0,0,5,3808,201,0
16/09/2023,insta_page,3895,0,0,2,2630,138,0
17/09/2023,insta_page,1954,0,0,2,1392,77,0
18/09/2023,insta_page,3964,0,0,12,2424,128,0
19/09/2023,insta_page,4892,0,0,12,3230,162,0
20/09/2023,insta_page,3912,0,0,8,2237,118,0
21/09/2023,insta_page,3420,0,0,4,2181,118,0
22/09/2023,insta_page,3078,0,0,3,1938,100,0
23/09/2023,insta_page,2866,0,0,2,2030,112,0
24/09/2023,insta_page,2938,0,0,3,1835,98,0
25/09/2023,insta_page,3600,0,0,7,2376,103,0
26/09/2023,insta_page,7126,0,0,17,4664,243,0
27/09/2023,insta_page,7601,0,0,8,4626,209,0
28/09/2023,insta_page,4627,0,0,9,3113,155,0
29/09/2023,insta_page,4174,0,0,28,2167,241,0
30/09/2023,insta_page,6280,0,0,32,3187,282,0
01/10/2023,insta_page,5782,0,0,35,3350,256,0
02/10/2023,insta_page,8086,0,0,18,5172,257,0
03/10/2023,insta_page,6176,0,0,11,3783,152,0
04/10/2023,insta_page,4510,0,0,11,2796,109,0
05/10/2023,insta_page,3112,0,0,4,1410,100,0
06/10/2023,insta_page,1967,0,0,5,1063,69,0
07/10/2023,insta_page,2845,0,0,14,1487,122,0
08/10/2023,insta_page,2656,0,0,10,1558,103,0
09/10/2023,insta_page,3264,0,0,5,1907,132,0
10/10/2023,insta_page,6659,0,0,14,3887,282,0
11/10/2023,insta_page,7394,0,0,13,4082,274,0
12/10/2023,insta_page,61049,0,0,68,32861,2021,0
13/10/2023,insta_page,212567,0,0,188,121230,6424,0
14/10/2023,insta_page,259518,0,0,317,163717,7412,0
15/10/2023,insta_page,168020,0,0,268,106009,4938,0
16/10/2023,insta_page,116074,0,0,138,79864,3294,0
17/10/2023,insta_page,162110,0,0,160,114493,4128,0
18/10/2023,insta_page,166165,0,0,114,122675,3709,0
19/10/2023,insta_page,121518,0,0,121,87938,2742,0
20/10/2023,insta_page,85003,0,0,63,57261,2181,0
21/10/2023,insta_page,62051,0,0,73,41576,1682,0
22/10/2023,insta_page,64002,0,0,115,42477,1930,0
23/10/2023,insta_page,40210,0,0,58,23619,1293,0
24/10/2023,insta_page,27412,0,0,43,17247,842,0
25/10/2023,insta_page,21483,0,0,31,12252,626,0
26/10/2023,insta_page,20445,0,0,20,13239,688,0
27/10/2023,insta_page,24696,0,0,40,16931,785,0
28/10/2023,insta_page,37645,0,0,43,23462,1106,0
29/10/2023,insta_page,50354,0,0,90,30773,1596,0
30/10/2023,insta_page,57680,0,0,155,36612,1680,0
31/10/2023,insta_page,56640,0,0,118,36609,1870,0
01/11/2023,insta_page,58048,0,0,106,36345,1912,0
02/11/2023,insta_page,60690,0,0,94,41757,1680,0
03/11/2023,insta_page,52342,0,0,71,35256,1549,0
04/11/2023,insta_page,70720,0,0,83,52160,1769,0
05/11/2023,insta_page,86715,0,0,136,65122,2251,0
06/11/2023,insta_page,92114,0,0,105,68260,2187,0
07/11/2023,insta_page,38870,0,0,35,28668,992,0
08/11/2023,insta_page,25573,0,0,36,18845,729,0
09/11/2023,insta_page,22175,0,0,31,15218,585,0
10/11/2023,insta_page,33222,0,0,81,23670,826,0
11/11/2023,insta_page,46687,0,0,58,38147,744,0
12/11/2023,insta_page,54874,0,0,41,49718,699,0
13/11/2023,insta_page,37833,0,0,33,33105,525,0
14/11/2023,insta_page,35310,0,0,71,29508,633,0
15/11/2023,insta_page,44916,0,0,63,37450,803,0
16/11/2023,insta_page,59333,0,0,62,46780,989,0
17/11/2023,insta_page,30652,0,0,39,24466,535,0
18/11/2023,insta_page,16222,0,0,25,12175,341,0
19/11/2023,insta_page,3973,0,0,12,2587,127,0
20/11/2023,insta_page,2915,0,0,3,2149,95,0
21/11/2023,insta_page,3537,0,0,9,1749,95,0
22/11/2023,insta_page,3043,0,0,5,1661,70,0
23/11/2023,insta_page,1823,0,0,4,1107,69,0
24/11/2023,insta_page,1196,0,0,3,695,41,0
25/11/2023,insta_page,1507,0,0,3,561,41,0
26/11/2023,insta_page,715,0,0,2,579,33,0
27/11/2023,insta_page,730,0,0,2,553,49,0
28/11/2023,insta_page,11141,0,0,67,8251,236,0
29/11/2023,insta_page,13205,0,0,51,8133,286,0
30/11/2023,insta_page,5452,0,0,17,3913,102,0
01/12/2023,insta_page,2306,0,0,6,1657,69,0
02/12/2023,insta_page,1636,0,0,9,1212,67,0
03/12/2023,insta_page,833,0,0,1,642,37,0
04/12/2023,insta_page,7736,0,0,20,6189,152,0
05/12/2023,insta_page,5129,0,0,21,3319,105,0
06/12/2023,insta_page,2886,0,0,6,1753,64,0
07/12/2023,insta_page,18304,0,0,30,13169,395,0
08/12/2023,insta_page,31140,0,0,41,26845,390,0
09/12/2023,insta_page,56011,0,0,110,50822,633,0
10/12/2023,insta_page,45626,0,0,108,42083,482,0
11/12/2023,insta_page,95003,0,0,179,85036,1342,0
12/12/2023,insta_page,652376,0,0,624,557571,14109,0
13/12/2023,insta_page,3344075,0,0,2265,3199392,49411,0
14/12/2023,insta_page,2659612,0,0,1422,2338806,36151,0
15/12/2023,insta_page,3725116,0,0,1305,3443835,41981,0
16/12/2023,insta_page,2057760,0,0,950,1916554,23388,0
17/12/2023,insta_page,657706,0,0,549,598125,10587,0
18/12/2023,insta_page,452561,0,0,355,415046,7090,0
19/12/2023,insta_page,339528,0,0,275,304990,5193,0
20/12/2023,insta_page,332358,0,0,212,313261,4915,0
21/12/2023,insta_page,311673,0,0,172,284484,4141,0
22/12/2023,insta_page,419610,0,0,182,378323,4977,0
23/12/2023,insta_page,332793,0,0,173,316566,4321,0
24/12/2023,insta_page,229610,0,0,124,216324,3064,0
25/12/2023,insta_page,134634,0,0,96,115987,2050,0
26/12/2023,insta_page,112289,0,0,116,100042,1881,0
27/12/2023,insta_page,87883,0,0,76,76216,1371,0
28/12/2023,insta_page,131094,0,0,239,112312,2083,0
29/12/2023,insta_page,90979,0,0,125,77354,1476,0
30/12/2023,insta_page,132749,0,0,119,114122,1933,0
31/12/2023,insta_page,261316,0,0,212,235765,3071,0
01/01/2024,insta_page,497496,0,0,292,459012,5210,0
02/01/2024,insta_page,434251,0,0,320,386027,4557,0
03/01/2024,insta_page,363554,0,0,331,332980,4635,0
04/01/2024,insta_page,321706,0,0,276,276597,3703,0
05/01/2024,insta_page,309533,0,0,328,276747,3984,0
06/01/2024,insta_page,530982,0,0,738,468898,5934,0
07/01/2024,insta_page,639443,0,0,1096,562138,7193,0
08/01/2024,insta_page,235339,0,0,461,204499,3317,0
09/01/2024,insta_page,268211,0,0,474,227995,3619,0
10/01/2024,insta_page,272942,0,0,491,236773,3892,0
11/01/2024,insta_page,298924,0,0,637,259150,4485,0
12/01/2024,insta_page,405999,0,0,858,363987,5540,0
13/01/2024,insta_page,701162,0,0,1596,641545,8595,0
14/01/2024,insta_page,860347,0,0,1457,802369,8119,0
15/01/2024,insta_page,373164,0,0,486,341009,3816,0
16/01/2024,insta_page,168744,0,0,258,148057,2149,0
17/01/2024,insta_page,232437,0,0,364,203311,2795,0
18/01/2024,insta_page,288027,0,0,359,258596,2975,0
19/01/2024,insta_page,309887,0,0,290,287783,3038,0
20/01/2024,insta_page,293511,0,0,428,278589,3289,0
21/01/2024,insta_page,167361,0,0,258,152486,2312,0
22/01/2024,insta_page,118989,0,0,155,111476,1688,0
23/01/2024,insta_page,158812,0,0,283,132929,2653,0
24/01/2024,insta_page,206405,0,0,285,181088,3158,0
25/01/2024,insta_page,225595,0,0,198,207023,3055,0
26/01/2024,insta_page,173512,0,0,82,159175,2183,0
27/01/2024,insta_page,151444,0,0,69,133306,1954,0
28/01/2024,insta_page,145027,0,0,131,135060,2163,0
29/01/2024,insta_page,106858,0,0,101,92475,1643,0
30/01/2024,insta_page,118933,0,0,81,97675,1450,0
31/01/2024,insta_page,140738,0,0,65,128778,1539,0
01/02/2024,insta_page,168138,0,0,82,154295,1991,0
02/02/2024,insta_page,205809,0,0,66,181613,2144,0
03/02/2024,insta_page,162320,0,0,57,143502,1798,0
04/02/2024,insta_page,179882,0,0,487,130413,7686,0
05/02/2024,insta_page,137357,0,0,151,114893,2671,0
06/02/2024,insta_page,158338,0,0,270,139772,2616,0
07/02/2024,insta_page,246259,0,0,388,206784,2872,0
08/02/2024,insta_page,240244,0,0,569,211860,3309,0
09/02/2024,insta_page,157818,0,0,377,148474,2462,0
10/02/2024,insta_page,89988,0,0,296,79654,1736,0
11/02/2024,insta_page,39512,0,0,74,34706,725,0
12/02/2024,insta_page,43024,0,0,101,36448,677,0
13/02/2024,insta_page,41061,0,0,82,30778,647,0
14/02/2024,insta_page,39957,0,0,49,29064,564,0
15/02/2024,insta_page,30915,0,0,41,25223,564,0
16/02/2024,insta_page,26316,0,0,41,22951,475,0
17/02/2024,insta_page,16762,0,0,17,14215,341,0
18/02/2024,insta_page,18578,0,0,31,16142,372,0
19/02/2024,insta_page,17531,0,0,27,15726,304,0
20/02/2024,insta_page,27481,0,0,77,23059,527,0
21/02/2024,insta_page,48539,0,0,88,40534,722,0
22/02/2024,insta_page,47781,0,0,98,41053,800,0
23/02/2024,insta_page,61841,0,0,165,55895,1102,0
24/02/2024,insta_page,76511,0,0,144,68269,1080,0
25/02/2024,insta_page,51611,0,0,91,45971,695,0
26/02/2024,insta_page,53889,0,0,153,49293,866,0
27/02/2024,insta_page,61720,0,0,183,49913,1193,0
28/02/2024,insta_page,60461,0,0,86,47037,932,0
29/02/2024,insta_page,43675,0,0,79,35770,767,0
01/03/2024,insta_page,48418,0,0,76,43040,806,0
02/03/2024,insta_page,41642,0,0,56,36690,692,0
03/03/2024,insta_page,32967,0,0,50,29919,609,0
04/03/2024,insta_page,42245,0,0,51,35021,631,0
05/03/2024,insta_page,38819,0,0,61,30369,607,0
06/03/2024,insta_page,94317,0,0,196,70248,1880,0
07/03/2024,insta_page,152646,0,0,206,120823,3001,0
08/03/2024,insta_page,471314,0,0,539,400335,8979,0
09/03/2024,insta_page,540525,0,0,933,463423,12408,0
10/03/2024,insta_page,476283,0,0,864,414297,10419,0
11/03/2024,insta_page,221442,0,0,354,191944,4490,0
12/03/2024,insta_page,115853,0,0,185,99423,2620,0
13/03/2024,insta_page,122685,0,0,177,100017,2247,0
14/03/2024,insta_page,150820,0,0,235,129874,2488,0
15/03/2024,insta_page,128455,0,0,255,109336,2186,0
16/03/2024,insta_page,116171,0,0,290,101516,1932,0
17/03/2024,insta_page,187005,0,0,576,165562,3053,0
18/03/2024,insta_page,148604,0,0,380,137564,2170,0
19/03/2024,insta_page,53793,0,0,101,40328,1072,0
20/03/2024,insta_page,46237,0,0,75,32666,771,0
21/03/2024,insta_page,37086,0,0,50,26522,734,0
22/03/2024,insta_page,38006,0,0,50,32598,831,0
23/03/2024,insta_page,48765,0,0,90,41552,1104,0
24/03/2024,insta_page,38943,0,0,58,33019,845,0
25/03/2024,insta_page,21183,0,0,31,18094,437,0
26/03/2024,insta_page,27800,0,0,28,21971,545,0
27/03/2024,insta_page,35420,0,0,17,20327,485,0
28/03/2024,insta_page,20700,0,0,2,14399,376,0
29/03/2024,insta_page,22994,0,0,3,16808,372,0
30/03/2024,insta_page,13957,0,0,3,11417,316,0
31/03/2024,insta_page,12315,0,0,9,9824,318,0
01/04/2024,insta_page,19561,0,0,35,16458,331,0
02/04/2024,insta_page,16643,0,0,22,13613,290,0
03/04/2024,insta_page,12699,0,0,28,9393,284,0
04/04/2024,insta_page,77934,0,0,206,59508,1299,0
05/04/2024,insta_page,74388,0,0,139,58007,1074,0
06/04/2024,insta_page,148200,0,0,186,129580,1490,0
07/04/2024,insta_page,63130,0,0,76,55016,822,0
08/04/2024,insta_page,37226,0,0,37,34423,546,0
09/04/2024,insta_page,25779,0,0,37,21695,412,0
10/04/2024,insta_page,21816,0,0,29,18454,389,0
11/04/2024,insta_page,70563,0,0,73,50932,934,0
12/04/2024,insta_page,55532,0,0,63,41965,740,0
13/04/2024,insta_page,47126,0,0,54,40346,623,0
14/04/2024,insta_page,31448,0,0,170,26228,886,0
15/04/2024,insta_page,28868,0,0,123,24042,758,0
16/04/2024,insta_page,20722,0,0,57,16412,407,0
17/04/2024,insta_page,17078,0,0,53,12632,344,0
18/04/2024,insta_page,14846,0,0,27,9855,329,0
19/04/2024,insta_page,13052,0,0,32,10092,295,0
20/04/2024,insta_page,13428,0,0,28,11239,290,0
21/04/2024,insta_page,44086,0,0,88,36104,606,0
22/04/2024,insta_page,34893,101,34,35,28866,467,1675
23/04/2024,insta_page,18028,48,11,21,15295,329,780
24/04/2024,insta_page,12134,39,16,10,10712,261,543
25/04/2024,insta_page,52468,283,197,287,43205,1515,5351
26/04/2024,insta_page,41497,142,76,169,35669,1000,2721
27/04/2024,insta_page,25392,58,25,77,21538,547,1311
28/04/2024,insta_page,22734,62,26,55,20237,500,954
29/04/2024,insta_page,44577,173,118,80,34552,711,2578
30/04/2024,insta_page,56654,130,153,107,48483,852,3262
01/05/2024,insta_page,89326,185,225,228,74671,1786,6807
02/05/2024,insta_page,133416,155,381,440,116478,2648,11353
03/05/2024,insta_page,596709,1037,1513,2572,533224,12480,40296
04/05/2024,insta_page,1223870,2153,2199,6482,1147919,28143,78613
05/05/2024,insta_page,880841,939,921,4220,807378,19659,44497
06/05/2024,insta_page,405948,384,555,1950,374417,9266,22638
07/05/2024,insta_page,154689,122,265,587,138774,3308,10581
08/05/2024,insta_page,129178,110,164,414,115336,2443,9040
09/05/2024,insta_page,69517,91,94,197,64600,1247,4544
10/05/2024,insta_page,83668,188,138,327,73954,1342,5011
11/05/2024,insta_page,65153,101,80,250,59090,1195,3602
12/05/2024,insta_page,62162,99,103,233,54689,1134,3819
13/05/2024,insta_page,40584,66,69,132,35329,789,2715
14/05/2024,insta_page,38048,62,57,99,33078,723,2432
15/05/2024,insta_page,27130,45,24,49,23601,482,1022
16/05/2024,insta_page,19290,34,11,30,16522,283,596
17/05/2024,insta_page,48985,359,125,201,39767,841,3538
18/05/2024,insta_page,30962,174,42,105,24437,612,2014
19/05/2024,insta_page,20368,102,34,93,17759,502,1390
20/05/2024,insta_page,13623,58,26,31,11253,318,1075
21/05/2024,insta_page,27489,135,31,194,22921,579,1209
22/05/2024,insta_page,22923,123,35,79,20042,491,1045
23/05/2024,insta_page,38801,210,24,86,34181,519,1529
24/05/2024,insta_page,67351,423,55,123,57007,724,2914
25/05/2024,insta_page,43416,275,30,86,37376,584,2047
26/05/2024,insta_page,31927,203,26,67,28680,535,1586
27/05/2024,insta_page,47389,215,52,94,40306,758,2603
28/05/2024,insta_page,29228,131,42,59,24008,566,1496
29/05/2024,insta_page,16184,87,27,33,12984,448,919
30/05/2024,insta_page,23350,63,38,33,15750,394,880
31/05/2024,insta_page,20455,77,22,45,15809,458,1123
01/06/2024,insta_page,17999,92,36,42,15487,442,967
02/06/2024,insta_page,17779,124,40,31,15573,448,1019
03/06/2024,insta_page,16762,68,35,37,11791,358,719
04/06/2024,insta_page,37487,255,117,151,27995,783,2764
05/06/2024,insta_page,20626,105,56,97,15405,461,1409
06/06/2024,insta_page,13342,54,27,55,10785,326,844
07/06/2024,insta_page,21052,92,52,49,15793,469,1030
08/06/2024,insta_page,33849,115,51,72,26013,699,1912
09/06/2024,insta_page,19214,130,43,67,16370,552,1614
10/06/2024,insta_page,10904,60,22,16,9422,253,837
11/06/2024,insta_page,8983,81,19,21,8081,243,671
12/06/2024,insta_page,14783,48,21,26,11385,230,725
13/06/2024,insta_page,9291,25,25,28,7255,191,488
14/06/2024,insta_page,18898,34,37,22,9411,253,629
15/06/2024,insta_page,10929,21,16,16,5970,185,492
16/06/2024,insta_page,5563,17,10,15,4514,167,395
17/06/2024,insta_page,12612,30,32,51,9131,271,643
18/06/2024,insta_page,8606,23,17,19,6327,238,464
19/06/2024,insta_page,4172,11,6,19,3566,155,281
20/06/2024,insta_page,26862,54,34,88,19041,417,921
21/06/2024,insta_page,22144,21,18,50,15531,419,794
22/06/2024,insta_page,11637,31,26,34,9687,257,502
23/06/2024,insta_page,7710,20,14,21,6624,209,474
24/06/2024,insta_page,15509,29,26,38,11078,282,665
25/06/2024,insta_page,13301,16,26,22,9213,237,591
26/06/2024,insta_page,9412,8,24,17,6921,186,424
27/06/2024,insta_page,4123,3,10,11,3482,152,272
28/06/2024,insta_page,9724,24,13,18,5855,194,363
29/06/2024,insta_page,6504,12,12,25,4496,214,336
30/06/2024,insta_page,4328,11,6,15,3666,187,324
01/07/2024,insta_page,44967,266,165,164,35622,862,4174
02/07/2024,insta_page,31670,76,64,116,24194,624,1969
03/07/2024,insta_page,22540,47,35,116,18540,448,1290
04/07/2024,insta_page,12745,25,21,65,10386,284,715
05/07/2024,insta_page,18318,19,56,53,15167,371,1062
06/07/2024,insta_page,18625,16,37,50,12237,346,748
07/07/2024,insta_page,12054,11,24,37,9313,285,727
08/07/2024,insta_page,22988,23,52,47,16605,371,763
09/07/2024,insta_page,11464,16,35,23,7861,250,424
10/07/2024,insta_page,9959,13,15,27,7199,217,468
11/07/2024,insta_page,20176,76,70,193,15334,456,1559
12/07/2024,insta_page,19842,51,38,138,13045,424,1216
13/07/2024,insta_page,13260,17,30,75,10611,334,935
14/07/2024,insta_page,8712,22,38,44,7223,277,752
15/07/2024,insta_page,27609,132,81,86,21789,505,1851
16/07/2024,insta_page,45753,155,108,161,36501,742,2883
17/07/2024,insta_page,27271,67,56,98,23174,522,1729
18/07/2024,insta_page,33299,47,102,179,27897,829,3011
19/07/2024,insta_page,93047,53,171,320,80336,1979,6175
20/07/2024,insta_page,21053,31,47,90,17432,579,1876
21/07/2024,insta_page,7245,12,27,38,6142,253,689
22/07/2024,insta_page,3903,11,21,21,3240,204,414
23/07/2024,insta_page,33237,157,44,137,22229,676,1763
24/07/2024,insta_page,21400,31,38,77,14180,394,944
25/07/2024,insta_page,11902,46,12,62,7762,261,431
26/07/2024,insta_page,7122,7,4,25,4694,186,242
27/07/2024,insta_page,2340,4,0,8,1728,105,74
28/07/2024,insta_page,1746,7,0,11,1256,97,36
29/07/2024,insta_page,1133,3,0,3,852,70,16
30/07/2024,insta_page,8687,4,6,19,5813,150,178
31/07/2024,insta_page,16024,49,16,47,11789,249,749
01/08/2024,insta_page,14496,18,4,20,9695,154,390
02/08/2024,insta_page,10859,30,13,76,7414,255,420
03/08/2024,insta_page,8783,31,12,71,6379,224,356
04/08/2024,insta_page,3502,6,2,44,2678,141,127
05/08/2024,insta_page,11926,6,11,52,8047,169,359
06/08/2024,insta_page,18993,5,46,25,11226,257,411
07/08/2024,insta_page,9607,7,4,10,6220,174,157
08/08/2024,insta_page,5815,27,5,16,4806,187,279
09/08/2024,insta_page,2996,3,2,10,2074,95,121
10/08/2024,insta_page,1406,1,0,7,1079,67,50
11/08/2024,insta_page,1254,5,1,4,980,70,32
12/08/2024,insta_page,29174,104,131,206,23620,594,2785
13/08/2024,insta_page,23955,48,33,121,15857,404,1320
14/08/2024,insta_page,10532,17,15,36,8761,215,586
15/08/2024,insta_page,9340,23,24,26,7155,191,406
16/08/2024,insta_page,6357,7,6,9,4357,109,192
17/08/2024,insta_page,1953,3,1,11,1575,93,36
18/08/2024,insta_page,1706,3,2,4,1177,104,41
19/08/2024,insta_page,1167,1,0,2,770,76,20
20/08/2024,insta_page,13350,38,39,61,9063,259,957
21/08/2024,insta_page,9041,23,20,43,6017,189,440
22/08/2024,insta_page,40236,36,17,75,27448,351,734
23/08/2024,insta_page,27354,27,20,61,18254,288,868
24/08/2024,insta_page,16679,27,5,32,12306,240,600
25/08/2024,insta_page,6388,8,7,21,5390,138,223
26/08/2024,insta_page,7174,11,18,20,5700,150,288
27/08/2024,insta_page,8508,6,19,28,6257,137,368
28/08/2024,insta_page,3239,3,8,15,2304,116,137
29/08/2024,insta_page,1860,5,0,12,1221,101,71
30/08/2024,insta_page,6487,17,4,11,3815,122,220
31/08/2024,insta_page,4524,10,2,8,3028,96,130
01/09/2024,insta_page,1938,3,0,5,1571,84,42
02/09/2024,insta_page,1198,0,1,1,676,69,25
03/09/2024,insta_page,15119,40,56,75,11364,266,1249
04/09/2024,insta_page,16062,8,38,54,10159,209,544
05/09/2024,insta_page,14606,42,28,161,9707,314,975
06/09/2024,insta_page,9321,38,15,76,6406,212,534
07/09/2024,insta_page,3431,9,1,13,2700,111,163
08/09/2024,insta_page,2120,3,1,16,1562,117,72
09/09/2024,insta_page,11011,1,4,8,7521,118,103
10/09/2024,insta_page,4143,0,0,4,2904,80,35
11/09/2024,insta_page,23855,73,60,46,16332,287,1633
12/09/2024,insta_page,23496,66,24,47,15128,285,1171
13/09/2024,insta_page,8886,27,6,22,6674,147,444
14/09/2024,insta_page,3612,5,0,10,3108,94,174
15/09/2024,insta_page,2277,9,0,10,1887,90,91
16/09/2024,insta_page,7091,18,14,28,5302,127,469
17/09/2024,insta_page,17198,27,18,20,10944,176,669
18/09/2024,insta_page,10073,20,2,10,7085,124,260
19/09/2024,insta_page,10709,18,14,15,9163,358,336
20/09/2024,insta_page,6818,9,4,12,6140,208,155
21/09/2024,insta_page,3707,0,1,10,3168,152,86
22/09/2024,insta_page,2526,8,1,4,1988,117,52
23/09/2024,insta_page,3228,3,0,5,1394,90,31
24/09/2024,insta_page,11728,25,15,21,7819,145,347
25/09/2024,insta_page,11406,24,24,20,7406,170,361
26/09/2024,insta_page,7431,7,2,6,3294,76,97
27/09/2024,insta_page,9358,9,6,14,5696,129,211
28/09/2024,insta_page,6030,2,4,8,4068,94,110
29/09/2024,insta_page,2743,5,1,10,1641,92,67
30/09/2024,insta_page,5474,3,6,6,4487,114,274
01/10/2024,insta_page,15220,8,16,29,11087,212,704
02/10/2024,insta_page,10243,9,15,18,7361,133,300
03/10/2024,insta_page,12832,59,26,27,9651,175,879
04/10/2024,insta_page,4542,11,6,10,3455,102,274
05/10/2024,insta_page,2828,11,1,4,2249,85,171
06/10/2024,insta_page,2112,6,0,10,1565,90,70
07/10/2024,insta_page,32039,17,55,56,26135,4575,1132
08/10/2024,insta_page,18415,40,57,33,14679,990,984
09/10/2024,insta_page,7744,16,43,11,6199,346,428
10/10/2024,insta_page,6412,5,2,6,3636,176,162
11/10/2024,insta_page,5825,4,3,6,3745,110,221
12/10/2024,insta_page,2223,0,2,1,1902,79,87
13/10/2024,insta_page,1710,3,1,4,1258,56,48
14/10/2024,insta_page,8853,36,18,15,7459,175,751
15/10/2024,insta_page,5161,25,4,7,4714,123,443
16/10/2024,insta_page,2793,5,2,6,2252,86,134
17/10/2024,insta_page,1300,4,1,5,1041,67,72
18/10/2024,insta_page,762,0,1,4,585,59,29
19/10/2024,insta_page,506,4,1,0,398,48,21
20/10/2024,insta_page,653,0,3,6,387,54,13
21/10/2024,insta_page,10860,9,9,12,7608,113,155
22/10/2024,insta_page,13130,131,193,38,9630,349,655
23/10/2024,insta_page,13302,72,99,23,8908,227,394
24/10/2024,insta_page,4720,13,18,13,3340,107,137
25/10/2024,insta_page,1603,42,5,3,1374,67,59
26/10/2024,insta_page,822,3,3,3,635,53,26
27/10/2024,insta_page,2621,7,14,8,1615,82,43
28/10/2024,insta_page,9082,21,22,24,7232,221,521
29/10/2024,insta_page,4439,11,12,3,3808,222,227
30/10/2024,insta_page,10749,9,9,79,7628,179,249
31/10/2024,insta_page,3555,1,3,26,2792,77,45
01/11/2024,insta_page,3349,11,9,7,1860,77,39
02/11/2024,insta_page,2042,1,2,12,1203,72,5
03/11/2024,insta_page,5917,4,3,51,4039,140,49
04/11/2024,insta_page,29591,145,38,441,22667,795,2124
05/11/2024,insta_page,33500,76,83,211,25785,560,1751
06/11/2024,insta_page,56737,47,25,165,51254,549,1084